"nota1","nota2","nota3","final","media","periodo","coddisciplina","disciplina","matricula","situacao","erro"
7.3,5.3,8.3,-1,7,20121,1411189,"Compiladores",105210141,"A",0.0333333333333
7,7.5,6.7,-1,7,20121,1411197,"AvaliaÃ§Ã£o de Desempenho de Sistemas Discretos",106210151,"A",0.0666666666667
8.2,7.8,9,-1,8.3,20112,1114114,"MÃ©todos EstatÃ­sticos",106210157,"A",0.0333333333333
9.4,5.5,7.8,-1,7.6,20112,1411187,"AnÃ¡lise e TÃ©cnicas de Algoritmos",107110437,"A",0.0333333333333
8.8,8.4,7,-1,8.1,20122,1411189,"Compiladores",107210010,"A",0.0333333333333
9,7.5,8.3,-1,8.3,20122,1411190,"Redes de Computadores",107210010,"A",0.0333333333333
7.7,10,7.8,-1,8.5,20122,1411182,"Lab. de OrganizaÃ§Ã£o e Arquitetura de Computadores",107210224,"A",0
6.2,6,8.7,-1,7,20121,1411187,"AnÃ¡lise e TÃ©cnicas de Algoritmos",107210224,"A",0.0333333333333
9.5,3.5,9,-1,7.3,20112,1114114,"MÃ©todos EstatÃ­sticos",108110019,"A",0.0333333333333
7.5,10,7.1,-1,8.2,20122,1411182,"Lab. de OrganizaÃ§Ã£o e Arquitetura de Computadores",108110496,"A",1.7763568394e-15
8.5,6,7.3,-1,7.3,20122,1411169,"Paradigmas de Linguagem de ProgramaÃ§Ã£o",108210207,"A",0.0333333333333
6.2,7.3,9.6,-1,7,20122,1411173,"LÃ³gica MatemÃ¡tica",108210207,"A",0.7
8.7,10,7,-1,8.6,20112,1114114,"MÃ©todos EstatÃ­sticos",109110054,"A",0.0333333333333
9.5,6.2,5.3,-1,7,20112,1114107,"Probabilidade e EstatÃ­stica",109110057,"A",0
7,7,7,-1,7,20121,1305219,"Direito e Cidadania",109110062,"A",0
8.5,9,7.2,-1,8.2,20112,1411190,"Redes de Computadores",109110062,"A",0.0333333333333
7.8,8.5,6.5,-1,7.6,20112,1114114,"MÃ©todos EstatÃ­sticos",109110066,"A",8.881784197e-16
9.8,10,6,-1,8.6,20121,1411182,"Lab. de OrganizaÃ§Ã£o e Arquitetura de Computadores",109110074,"A",0
8.3,9.8,7,-1,8.4,20112,1114114,"MÃ©todos EstatÃ­sticos",109110074,"A",0.0333333333333
7.4,6.4,7.2,-1,7,20112,1114107,"Probabilidade e EstatÃ­stica",109110079,"A",0
10,4.3,7,-1,7.1,20112,1114114,"MÃ©todos EstatÃ­sticos",109110092,"A",8.881784197e-16
9,10,10,-1,9.7,20122,1108090,"Fundamentos de FÃ­sica Moderna",109110095,"A",0.0333333333333
7.8,6,8.8,-1,7.5,20122,1411193,"Banco de Dados I",109110108,"A",0.0333333333333
10,8.3,7.5,-1,8.6,20112,1114114,"MÃ©todos EstatÃ­sticos",109110108,"A",0
9.9,10,5.6,-1,8.5,20121,1411182,"Lab. de OrganizaÃ§Ã£o e Arquitetura de Computadores",109110805,"A",0
9.2,8,7,-1,8.1,20112,1114114,"MÃ©todos EstatÃ­sticos",109110805,"A",0.0333333333333
7,7.75,7,-1,7,20112,1411172,"Estruturas de Dados e Algoritmos",109110806,"A",0.25
8,8,10,-1,8.2,20122,1411185,"Projeto em ComputaÃ§Ã£o I",109210013,"A",0.466666666667
7.5,7.5,7.5,-1,7.5,20112,1411168,"ProgramaÃ§Ã£o II",109210014,"A",0
7.8,5.5,7.7,-1,7,20112,1114107,"Probabilidade e EstatÃ­stica",109210029,"A",0
10,10,7,-1,9,20121,1411182,"Lab. de OrganizaÃ§Ã£o e Arquitetura de Computadores",109210049,"A",0
6.5,6.6,8.3,-1,7,20122,1411179,"Lab. de Estruturas de Dados e Algoritmos",109210050,"A",0.133333333333
6.1,8,8,-1,7.4,20122,1109113,"MatemÃ¡tica Discreta",109210050,"A",0.0333333333333
7,8.25,7.5,-1,7.3,20122,1411172,"Estruturas de Dados e Algoritmos",109210050,"A",0.283333333333
5.7,6,9.3,-1,7,20112,1114107,"Probabilidade e EstatÃ­stica",109210059,"A",0
4.5,8.5,8,-1,7,20112,1109053,"CÃ¡lculo Diferencial e Integral II",109210293,"A",0
8.6,7.3,6.9,-1,7.6,20122,1411182,"Lab. de OrganizaÃ§Ã£o e Arquitetura de Computadores",109210422,"A",8.881784197e-16
8,8,8,-1,8,20112,1411168,"ProgramaÃ§Ã£o II",109210474,"A",0
6,10,6,-1,7.3,20112,1109049,"Ãlgebra Linear",109210493,"A",0.0333333333333
8.5,5.7,6.8,-1,7,20112,1114107,"Probabilidade e EstatÃ­stica",109210493,"A",0
6.25,7.4,8.65,-1,7.5,20112,1411172,"Estruturas de Dados e Algoritmos",109210493,"A",0.0666666666667
9.1,10,8.5,-1,9.2,20122,1411182,"Lab. de OrganizaÃ§Ã£o e Arquitetura de Computadores",110110044,"A",1.7763568394e-15
5.8,7,9,-1,7.3,20112,1109035,"Ãlgebra Vetorial e Geometria AnalÃ­tica",110110048,"A",0.0333333333333
9.5,6.5,6.5,-1,7.5,20112,1109049,"Ãlgebra Linear",110110061,"A",0
10,9.3,4.1,-1,7.8,20121,1411182,"Lab. de OrganizaÃ§Ã£o e Arquitetura de Computadores",110110065,"A",0
4.5,8.1,8.4,-1,7,20112,1114107,"Probabilidade e EstatÃ­stica",110110065,"A",0
7.8,7.7,7.5,-1,7.7,20112,1114114,"MÃ©todos EstatÃ­sticos",110110069,"A",0.0333333333333
6,7,8,-1,7,20112,1109053,"CÃ¡lculo Diferencial e Integral II",110110072,"A",0
5,8.5,7.5,-1,7,20121,1114107,"Probabilidade e EstatÃ­stica",110110073,"A",0
7,10,8.5,-1,8.5,20112,1411170,"Teoria dos Grafos",110110079,"A",0
10,5,9.1,-1,8,20122,1108089,"Fundamentos de FÃ­sica ClÃ¡ssica",110110090,"A",0.0333333333333
10,5,9.1,-1,8,20122,1108089,"Fundamentos de FÃ­sica ClÃ¡ssica",110110090,"A",0.0333333333333
7,10,4,-1,7,20112,1109053,"CÃ¡lculo Diferencial e Integral II",110110095,"A",0
8.4,1.9,9,-1,7.9,20122,1411173,"LÃ³gica MatemÃ¡tica",110110096,"A",1.46666666667
7.8,6,7.2,-1,7,20112,1114107,"Probabilidade e EstatÃ­stica",110110114,"A",0
8.7,6.5,5.9,-1,7,20112,1114107,"Probabilidade e EstatÃ­stica",110110117,"A",0.0333333333333
6.5,5.2,10,-1,7.2,20121,1411187,"AnÃ¡lise e TÃ©cnicas de Algoritmos",110110118,"A",0.0333333333333
8.3,5.8,6.8,-1,7,20112,1109103,"CÃ¡lculo Diferencial e Integral I",110110122,"A",0.0333333333333
10,8.8,5.8,-1,8.2,20121,1411190,"Redes de Computadores",110110123,"A",1.7763568394e-15
8.7,5.4,8.1,-1,7.4,20112,1411187,"AnÃ¡lise e TÃ©cnicas de Algoritmos",110110123,"A",8.881784197e-16
5.6,8.2,9.3,-1,7.7,20121,1114114,"MÃ©todos EstatÃ­sticos",110110127,"A",0
7,6.5,7.5,-1,7,20112,1109053,"CÃ¡lculo Diferencial e Integral II",110110130,"A",0
8,7,6,-1,7,20112,1109049,"Ãlgebra Linear",110110851,"A",0
6.2,9,6,-1,7.1,20112,1114107,"Probabilidade e EstatÃ­stica",110110857,"A",0.0333333333333
6.6,8.9,7.2,-1,7.2,20121,1411173,"LÃ³gica MatemÃ¡tica",110110974,"A",0.366666666667
8,7.75,6.5,-1,7.3,20122,1114107,"Probabilidade e EstatÃ­stica",110110974,"A",0.116666666667
7.6,6.7,6.7,-1,7,20112,1411176,"GerÃªncia da InformaÃ§Ã£o",110110974,"A",0
7,8,9,-1,8.4,20121,1411186,"Projeto em ComputaÃ§Ã£o II",110110978,"A",0.4
7.7,7.7,7.7,-1,7.7,20112,1411168,"ProgramaÃ§Ã£o II",110110979,"A",0
9.2,9.6,7,-1,8.6,20112,1109103,"CÃ¡lculo Diferencial e Integral I",110210044,"A",0
6.1,8.8,7.5,-1,7.5,20122,1411170,"Teoria dos Grafos",110210046,"A",0.0333333333333
9.7,8,8.5,-1,8.7,20112,1109103,"CÃ¡lculo Diferencial e Integral I",110210046,"A",0.0333333333333
9,6,7,-1,7.3,20122,1109053,"CÃ¡lculo Diferencial e Integral II",110210053,"A",0.0333333333333
7.5,7.5,5.6,-1,7.1,20121,1411168,"ProgramaÃ§Ã£o II",110210053,"A",0.233333333333
9,6,7,-1,7.3,20122,1109053,"CÃ¡lculo Diferencial e Integral II",110210053,"A",0.0333333333333
8.05,8.65,8.65,-1,8.4,20122,1411171,"Teoria da ComputaÃ§Ã£o",110210053,"A",0.05
7.7,7.7,4.3,-1,7,20121,1411168,"ProgramaÃ§Ã£o II",110210067,"A",0.433333333333
7.7,7.7,4.3,-1,7,20121,1411168,"ProgramaÃ§Ã£o II",110210067,"A",0.433333333333
7,7.5,8,-1,7.5,20122,1109053,"CÃ¡lculo Diferencial e Integral II",110210078,"A",0
9.5,5.9,6.6,-1,7.3,20122,1108089,"Fundamentos de FÃ­sica ClÃ¡ssica",110210078,"A",0.0333333333333
7,7.5,8,-1,7.5,20122,1109053,"CÃ¡lculo Diferencial e Integral II",110210078,"A",0
9.5,5.9,6.6,-1,7.3,20122,1108089,"Fundamentos de FÃ­sica ClÃ¡ssica",110210078,"A",0.0333333333333
7.3,7.3,7.1,-1,7.3,20122,1411179,"Lab. de Estruturas de Dados e Algoritmos",110210081,"A",0.0666666666667
6,9,6,-1,7,20122,1108089,"Fundamentos de FÃ­sica ClÃ¡ssica",110210097,"A",0
8,6.8,8.6,-1,7.8,20122,1108089,"Fundamentos de FÃ­sica ClÃ¡ssica",110210105,"A",0
8,6.8,8.6,-1,7.8,20122,1108089,"Fundamentos de FÃ­sica ClÃ¡ssica",110210105,"A",0
8.7,8.75,8.5,-1,8.7,20112,1411180,"Lab. de ProgramaÃ§Ã£o I",110210107,"A",0.05
8.7,8.75,8.5,-1,8.6,20112,1411167,"ProgramaÃ§Ã£o I",110210107,"A",0.05
8,9.6,5.8,-1,7.8,20112,1109103,"CÃ¡lculo Diferencial e Integral I",110210111,"A",8.881784197e-16
7,7.8,7.4,-1,7.4,20121,1411170,"Teoria dos Grafos",110210113,"A",8.881784197e-16
8,8,5.9,-1,7.6,20121,1411168,"ProgramaÃ§Ã£o II",110210113,"A",0.3
8.4,5.5,8.3,-1,7.4,20112,1109103,"CÃ¡lculo Diferencial e Integral I",110210113,"A",8.881784197e-16
5,9,8,-1,7.3,20122,1109053,"CÃ¡lculo Diferencial e Integral II",110210118,"A",0.0333333333333
9.5,5,7.3,-1,7.3,20121,1411170,"Teoria dos Grafos",110210118,"A",0.0333333333333
8.9,6.7,5.4,-1,7,20112,1411182,"Lab. de OrganizaÃ§Ã£o e Arquitetura de Computadores",110210126,"A",0
7.1,6.1,8.8,-1,7.3,20112,1109113,"MatemÃ¡tica Discreta",110210129,"A",0.0333333333333
7.9,7.9,5.9,-1,7.5,20121,1411168,"ProgramaÃ§Ã£o II",110210130,"A",0.266666666667
8.6,2.5,10,-1,7,20112,1109035,"Ãlgebra Vetorial e Geometria AnalÃ­tica",110210384,"A",0.0333333333333
7,7,7,-1,7,20112,1411168,"ProgramaÃ§Ã£o II",110210385,"A",0
6.55,8.75,9.1,-1,7.8,20121,1411179,"Lab. de Estruturas de Dados e Algoritmos",110210386,"A",0.333333333333
8.6,7.6,7.75,-1,8.2,20121,1411172,"Estruturas de Dados e Algoritmos",110210386,"A",0.216666666667
8.6,9.1,8.95,-1,8.7,20112,1411180,"Lab. de ProgramaÃ§Ã£o I",110210387,"A",0.183333333333
8.6,9.1,8.95,-1,8.7,20112,1411167,"ProgramaÃ§Ã£o I",110210387,"A",0.183333333333
5.8,7,8.1,-1,7,20121,1109053,"CÃ¡lculo Diferencial e Integral II",110210388,"A",0.0333333333333
4.4,7.6,9.8,-1,7.3,20112,1109113,"MatemÃ¡tica Discreta",110210388,"A",0.0333333333333
9,5.5,6.5,-1,7,20122,1109049,"Ãlgebra Linear",110210391,"A",0
8.4,8.3,7.9,-1,8.3,20121,1411168,"ProgramaÃ§Ã£o II",110210393,"A",0.1
7.65,8.3,7.95,-1,8,20121,1411181,"Lab. de ProgramaÃ§Ã£o II",110210393,"A",0.0333333333333
6.3,10,6,-1,7.4,20112,1109035,"Ãlgebra Vetorial e Geometria AnalÃ­tica",110210393,"A",0.0333333333333
6.1,7.8,7,-1,7,20121,1411170,"Teoria dos Grafos",110210394,"A",0.0333333333333
7.6,7.8,8.2,-1,7.9,20122,1411179,"Lab. de Estruturas de Dados e Algoritmos",110210395,"A",0.0333333333333
6.25,9.25,8.55,-1,7.4,20122,1411172,"Estruturas de Dados e Algoritmos",110210395,"A",0.616666666667
7,7,8,-1,7.3,20112,1305020,"RelaÃ§Ãµes Humanas",110210396,"A",0.0333333333333
6.3,9.5,7,-1,7.6,20112,1109035,"Ãlgebra Vetorial e Geometria AnalÃ­tica",110210557,"A",8.881784197e-16
7.3,7.3,7,-1,7.2,20121,1411168,"ProgramaÃ§Ã£o II",110210615,"A",0
6,9,6,-1,7,20122,1108089,"Fundamentos de FÃ­sica ClÃ¡ssica",111110063,"A",0
8,8,5,-1,7.4,20121,1411168,"ProgramaÃ§Ã£o II",111110064,"A",0.4
9.5,8.2,3.5,-1,7.1,20112,1109035,"Ãlgebra Vetorial e Geometria AnalÃ­tica",111110064,"A",0.0333333333333
7.1,7.1,6.7,-1,7,20121,1411168,"ProgramaÃ§Ã£o II",111110069,"A",0.0333333333333
5.75,8.3,6.2,-1,7,20121,1411181,"Lab. de ProgramaÃ§Ã£o II",111110069,"A",0.25
7.6,6.5,8,-1,7.4,20112,1109035,"Ãlgebra Vetorial e Geometria AnalÃ­tica",111110070,"A",0.0333333333333
7.2,6.8,7,-1,7,20121,1411187,"AnÃ¡lise e TÃ©cnicas de Algoritmos",111110074,"A",0
8,7.7,7.5,-1,7.7,20112,1114114,"MÃ©todos EstatÃ­sticos",111110078,"A",0.0333333333333
9.7,10,5.2,-1,8.3,20121,1411182,"Lab. de OrganizaÃ§Ã£o e Arquitetura de Computadores",111110079,"A",1.7763568394e-15
6.1,6.9,9.2,-1,7.4,20121,1411187,"AnÃ¡lise e TÃ©cnicas de Algoritmos",111110088,"A",8.881784197e-16
7.2,7.7,7,-1,7.3,20122,1114114,"MÃ©todos EstatÃ­sticos",111110088,"A",0
6.1,9.8,9,-1,8.3,20112,1109035,"Ãlgebra Vetorial e Geometria AnalÃ­tica",111110090,"A",1.7763568394e-15
9.1,9.1,5.1,-1,8.3,20121,1411168,"ProgramaÃ§Ã£o II",111110091,"A",0.533333333333
9.2,8.5,4.5,-1,7.4,20112,1109035,"Ãlgebra Vetorial e Geometria AnalÃ­tica",111110091,"A",8.881784197e-16
9,9,6.1,-1,7.8,20121,1411178,"Sistemas de InformaÃ§Ã£o I",111110099,"A",0.233333333333
9.7,9.6,3.2,-1,7.5,20121,1411182,"Lab. de OrganizaÃ§Ã£o e Arquitetura de Computadores",111110099,"A",8.881784197e-16
9,8.8,5.9,-1,7.9,20122,1108089,"Fundamentos de FÃ­sica ClÃ¡ssica",111110114,"A",8.881784197e-16
9,8.8,5.9,-1,7.9,20122,1108089,"Fundamentos de FÃ­sica ClÃ¡ssica",111110114,"A",8.881784197e-16
7.5,6.6,7.5,-1,7.2,20122,1108089,"Fundamentos de FÃ­sica ClÃ¡ssica",111110118,"A",0
8.2,8.2,4.1,-1,7.4,20121,1411168,"ProgramaÃ§Ã£o II",111110120,"A",0.566666666667
10,9.5,1.5,-1,7,20121,1109103,"CÃ¡lculo Diferencial e Integral I",111110120,"A",0
10,9.5,1.5,-1,7,20121,1109103,"CÃ¡lculo Diferencial e Integral I",111110120,"A",0
9,8.8,5.9,-1,7.9,20122,1108089,"Fundamentos de FÃ­sica ClÃ¡ssica",111110121,"A",8.881784197e-16
9,8.8,5.9,-1,7.9,20122,1108089,"Fundamentos de FÃ­sica ClÃ¡ssica",111110121,"A",8.881784197e-16
8.75,6.75,5.25,-1,7,20122,1114107,"Probabilidade e EstatÃ­stica",111110121,"A",0.0833333333333
7.4,7.3,5.5,-1,7,20121,1411168,"ProgramaÃ§Ã£o II",111110124,"A",0.266666666667
10,7,8.5,-1,8.5,20121,1411170,"Teoria dos Grafos",111110127,"A",0
8,6.8,8.6,-1,7.8,20122,1108089,"Fundamentos de FÃ­sica ClÃ¡ssica",111110135,"A",0
6.6,7.2,10,-1,7.9,20122,1109049,"Ãlgebra Linear",111110135,"A",0.0333333333333
7.5,6.5,6.5,-1,7,20122,1114107,"Probabilidade e EstatÃ­stica",111110135,"A",0.166666666667
8.9,10,7,-1,8.6,20112,1109035,"Ãlgebra Vetorial e Geometria AnalÃ­tica",111110135,"A",0.0333333333333
10,7.7,7.5,-1,8.4,20112,1114114,"MÃ©todos EstatÃ­sticos",111110893,"A",0
7.75,6.5,7.5,-1,7.6,20122,1114107,"Probabilidade e EstatÃ­stica",111110898,"A",0.35
5.75,8.95,8.25,-1,7.1,20122,1411181,"Lab. de ProgramaÃ§Ã£o II",111110900,"A",0.55
7.2,6.7,9.4,-1,7.8,20121,1109113,"MatemÃ¡tica Discreta",111110900,"A",0.0333333333333
9,8,5.9,-1,7.6,20122,1108089,"Fundamentos de FÃ­sica ClÃ¡ssica",111110900,"A",0.0333333333333
5.75,8.95,8.25,-1,7.1,20122,1411181,"Lab. de ProgramaÃ§Ã£o II",111110900,"A",0.55
8.15,7.15,6.1,-1,7.1,20112,1411180,"Lab. de ProgramaÃ§Ã£o I",111110904,"A",0.0333333333333
8.15,7.15,6.1,-1,7.1,20112,1411167,"ProgramaÃ§Ã£o I",111110904,"A",0.0333333333333
9.1,6.5,5.5,-1,7,20112,1109103,"CÃ¡lculo Diferencial e Integral I",111110908,"A",0.0333333333333
7.75,6.8,6.15,-1,7.7,20112,1411180,"Lab. de ProgramaÃ§Ã£o I",111110915,"A",0.8
7.75,6.8,6.15,-1,7.6,20112,1411167,"ProgramaÃ§Ã£o I",111110915,"A",0.7
6.5,10,4.4,-1,7,20122,1108089,"Fundamentos de FÃ­sica ClÃ¡ssica",111110922,"A",0.0333333333333
7.1,8.8,8,-1,8,20122,1109035,"Ãlgebra Vetorial e Geometria AnalÃ­tica",111110926,"A",0.0333333333333
7.1,8.8,8,-1,8,20122,1109035,"Ãlgebra Vetorial e Geometria AnalÃ­tica",111110926,"A",0.0333333333333
8.5,8.5,5.1,-1,7.8,20121,1411168,"ProgramaÃ§Ã£o II",111110931,"A",0.433333333333
9.1,7.3,6.5,-1,7.6,20112,1109103,"CÃ¡lculo Diferencial e Integral I",111110931,"A",0.0333333333333
7.7,10,3.3,-1,7,20112,1109035,"Ãlgebra Vetorial e Geometria AnalÃ­tica",111110941,"A",0
7.45,7.2,6.45,-1,7,20112,1411174,"IntroduÃ§Ã£o Ã  ComputaÃ§Ã£o",111150279,"A",0.0333333333333
9.5,6,5.5,-1,7,20112,1109035,"Ãlgebra Vetorial e Geometria AnalÃ­tica",111150279,"A",0
8.1,7.8,5.9,-1,7.2,20112,1411180,"Lab. de ProgramaÃ§Ã£o I",111150285,"A",0.0666666666667
8.1,7.8,5.9,-1,7,20112,1411167,"ProgramaÃ§Ã£o I",111150285,"A",0.266666666667
7.9,7.5,6.3,-1,7.2,20112,1109113,"MatemÃ¡tica Discreta",111150292,"A",0.0333333333333
7,4,10,-1,7,20112,1109035,"Ãlgebra Vetorial e Geometria AnalÃ­tica",111150427,"A",0
8.6,8.6,5.8,-1,8,20121,1411168,"ProgramaÃ§Ã£o II",111150493,"A",0.333333333333
8.9,8.05,7.85,-1,8.7,20112,1411180,"Lab. de ProgramaÃ§Ã£o I",111150494,"A",0.433333333333
8.9,8.05,7.85,-1,8.7,20112,1411167,"ProgramaÃ§Ã£o I",111150494,"A",0.433333333333
8.2,9.4,8.5,-1,8.7,20122,1109049,"Ãlgebra Linear",111150551,"A",1.7763568394e-15
8,6.8,8.6,-1,7.8,20122,1108089,"Fundamentos de FÃ­sica ClÃ¡ssica",111150551,"A",0
9.5,9,4.5,-1,7.7,20121,1109103,"CÃ¡lculo Diferencial e Integral I",111210050,"A",0.0333333333333
9,5.9,7.5,-1,7.5,20122,1108089,"Fundamentos de FÃ­sica ClÃ¡ssica",111210056,"A",0.0333333333333
7.5,6.5,7,-1,7,20121,1109053,"CÃ¡lculo Diferencial e Integral II",111210061,"A",0
5.7,6.7,7.7,-1,7.1,20122,1411180,"Lab. de ProgramaÃ§Ã£o I",111210064,"A",0.4
5.7,6.7,7.7,-1,7.1,20122,1411167,"ProgramaÃ§Ã£o I",111210064,"A",0.4
5.7,6.7,7.7,-1,7.1,20122,1411180,"Lab. de ProgramaÃ§Ã£o I",111210064,"A",0.4
5.7,6.7,7.7,-1,7.1,20122,1411167,"ProgramaÃ§Ã£o I",111210064,"A",0.4
6.85,6.5,7.9,-1,7.4,20122,1411195,"Sistemas de InformaÃ§Ã£o II",111210117,"A",0.316666666667
6.75,7.6,7.35,-1,7.1,20122,1114107,"Probabilidade e EstatÃ­stica",111210120,"A",0.133333333333
6.75,7.6,7.35,-1,7.1,20122,1114107,"Probabilidade e EstatÃ­stica",111210120,"A",0.133333333333
7.45,8,7.3,-1,7.5,20122,1411181,"Lab. de ProgramaÃ§Ã£o II",111210398,"A",0.0833333333333
9.5,5.9,6.6,-1,7.3,20122,1108089,"Fundamentos de FÃ­sica ClÃ¡ssica",111210407,"A",0.0333333333333
7.35,8.15,8.25,-1,7.8,20122,1411168,"ProgramaÃ§Ã£o II",111210407,"A",0.116666666667
8.3,7.4,6.95,-1,7.6,20122,1411181,"Lab. de ProgramaÃ§Ã£o II",111210407,"A",0.05
9,5.9,7.5,-1,7.5,20122,1108089,"Fundamentos de FÃ­sica ClÃ¡ssica",111210422,"A",0.0333333333333
7,10,6.8,-1,7.9,20122,1108089,"Fundamentos de FÃ­sica ClÃ¡ssica",111210426,"A",0.0333333333333
7.5,8.4,8.5,-1,8.1,20122,1109049,"Ãlgebra Linear",111210429,"A",0.0333333333333
6.25,7,8.25,-1,7.2,20122,1411181,"Lab. de ProgramaÃ§Ã£o II",111210430,"A",0.0333333333333
6.5,8.5,7,-1,7.3,20121,1109035,"Ãlgebra Vetorial e Geometria AnalÃ­tica",111210438,"A",0.0333333333333
8,8,6.5,-1,7.5,20121,1109103,"CÃ¡lculo Diferencial e Integral I",111210441,"A",0
7,7.6,7.3,-1,7.3,20122,1411170,"Teoria dos Grafos",111210441,"A",0
10,8.5,9.1,-1,9.2,20122,1108089,"Fundamentos de FÃ­sica ClÃ¡ssica",111210445,"A",1.7763568394e-15
10,10,10,-1,10,20121,1411182,"Lab. de OrganizaÃ§Ã£o e Arquitetura de Computadores",111210450,"A",0
10,8.5,9.1,-1,9.2,20122,1108089,"Fundamentos de FÃ­sica ClÃ¡ssica",111210452,"A",1.7763568394e-15
7.05,7.95,7,-1,7.1,20122,1411181,"Lab. de ProgramaÃ§Ã£o II",111210665,"A",0.233333333333
6.8,6.4,9,-1,7.6,20121,1411180,"Lab. de ProgramaÃ§Ã£o I",111210669,"A",0.2
6.8,6.4,9,-1,7.6,20121,1411167,"ProgramaÃ§Ã£o I",111210669,"A",0.2
5.2,7.6,9,-1,8,20122,1411180,"Lab. de ProgramaÃ§Ã£o I",111210787,"A",0.733333333333
5.2,7.6,9,-1,8,20122,1411167,"ProgramaÃ§Ã£o I",111210787,"A",0.733333333333
5.2,7.6,9,-1,8,20122,1411180,"Lab. de ProgramaÃ§Ã£o I",111210787,"A",0.733333333333
5.2,7.6,9,-1,8,20122,1411167,"ProgramaÃ§Ã£o I",111210787,"A",0.733333333333
8.25,6.8,6,-1,7.4,20121,1411174,"IntroduÃ§Ã£o Ã  ComputaÃ§Ã£o",111210794,"A",0.383333333333
6.2,7,9,-1,7.4,20122,1109053,"CÃ¡lculo Diferencial e Integral II",111210872,"A",8.881784197e-16
9.5,5.9,6.6,-1,7.3,20122,1108089,"Fundamentos de FÃ­sica ClÃ¡ssica",111210872,"A",0.0333333333333
8.9,6.8,6.8,-1,7,20122,1411180,"Lab. de ProgramaÃ§Ã£o I",111210943,"A",0.5
8.9,6.8,6.8,-1,7,20122,1411167,"ProgramaÃ§Ã£o I",111210943,"A",0.5
8.9,6.8,6.8,-1,7,20122,1411180,"Lab. de ProgramaÃ§Ã£o I",111210943,"A",0.5
8.9,6.8,6.8,-1,7,20122,1411167,"ProgramaÃ§Ã£o I",111210943,"A",0.5
7.5,8.5,7,-1,7.7,20121,1109103,"CÃ¡lculo Diferencial e Integral I",111250014,"A",0.0333333333333
9.1,7,7.3,-1,7.3,20122,1411180,"Lab. de ProgramaÃ§Ã£o I",111250017,"A",0.5
9.1,7,7.3,-1,7.3,20122,1411167,"ProgramaÃ§Ã£o I",111250017,"A",0.5
9.1,7,7.3,-1,7.3,20122,1411180,"Lab. de ProgramaÃ§Ã£o I",111250017,"A",0.5
9.1,7,7.3,-1,7.3,20122,1411167,"ProgramaÃ§Ã£o I",111250017,"A",0.5
10,9.3,10,-1,9.7,20122,1411180,"Lab. de ProgramaÃ§Ã£o I",112110025,"A",0.0666666666667
10,9.3,10,-1,9.7,20122,1411167,"ProgramaÃ§Ã£o I",112110025,"A",0.0666666666667
8.7,4.4,7.8,-1,7,20122,1114114,"MÃ©todos EstatÃ­sticos",112110038,"A",0.0333333333333
8.3,7.7,9.9,-1,8.8,20122,1411180,"Lab. de ProgramaÃ§Ã£o I",112110050,"A",0.166666666667
8.3,7.7,9.9,-1,8.8,20122,1411167,"ProgramaÃ§Ã£o I",112110050,"A",0.166666666667
8,7.9,6,-1,7.3,20122,1109049,"Ãlgebra Linear",112110082,"A",0
9.6,8.2,10,-1,9.2,20122,1411180,"Lab. de ProgramaÃ§Ã£o I",112110085,"A",0.0666666666667
9.6,8.2,10,-1,9.2,20122,1411167,"ProgramaÃ§Ã£o I",112110085,"A",0.0666666666667
8,8.7,4.8,-1,7.2,20122,1109103,"CÃ¡lculo Diferencial e Integral I",112110924,"A",0.0333333333333
9.7,6.4,9.2,-1,8,20122,1411167,"ProgramaÃ§Ã£o I",112110934,"A",0.433333333333
8,5.7,7.3,-1,7,20122,1109035,"Ãlgebra Vetorial e Geometria AnalÃ­tica",112110934,"A",0
7,7.75,7.75,-1,7.4,20122,1114107,"Probabilidade e EstatÃ­stica",112110952,"A",0.1
9,10,10,-1,9.7,20122,1108090,"Fundamentos de FÃ­sica Moderna",112110953,"A",0.0333333333333
7.2,8.7,10,-1,9.1,20122,1411180,"Lab. de ProgramaÃ§Ã£o I",112110954,"A",0.466666666667
7.2,8.7,10,-1,9.1,20122,1411167,"ProgramaÃ§Ã£o I",112110954,"A",0.466666666667
8.3,7.3,6.1,-1,7.2,20122,1109035,"Ãlgebra Vetorial e Geometria AnalÃ­tica",112150451,"A",0.0333333333333
8.4,7.5,8.5,-1,8,20122,1411180,"Lab. de ProgramaÃ§Ã£o I",112150453,"A",0.133333333333
8.4,7.5,8.5,-1,8,20122,1411167,"ProgramaÃ§Ã£o I",112150453,"A",0.133333333333
8.2,6.7,7.2,-1,7.4,20122,1411174,"IntroduÃ§Ã£o Ã  ComputaÃ§Ã£o",112150725,"A",0.0333333333333
6.1,7.5,8.8,-1,7.9,20122,1411180,"Lab. de ProgramaÃ§Ã£o I",112150726,"A",0.433333333333
6.1,7.5,8.8,-1,7.9,20122,1411167,"ProgramaÃ§Ã£o I",112150726,"A",0.433333333333
7.8,8.5,8.2,-1,8.3,20122,1411180,"Lab. de ProgramaÃ§Ã£o I",112150728,"A",0.133333333333
7.8,8.5,8.2,-1,8.3,20122,1411167,"ProgramaÃ§Ã£o I",112150728,"A",0.133333333333
6,7.2,7.2,-1,7.1,20122,1411180,"Lab. de ProgramaÃ§Ã£o I",112190042,"A",0.3
6,7.2,7.2,-1,7.1,20122,1411167,"ProgramaÃ§Ã£o I",112190042,"A",0.3
5.6,5.9,9.5,-1,7,20122,1109035,"Ãlgebra Vetorial e Geometria AnalÃ­tica",112190146,"A",0
